version	split	shape	factor_bits	case_index	N	family	eligible	resource_reject	reject_reason	low_complete	rows	blocks	gcd_free_steps	rank	kernel_dim	low_dim	residual_dim	low_relations	residual_relations	useful_singletons	useful_support_two	singleton_square_tests	support_two_squareclass_tests	any_factor	earlier_factor	strict_factor	first_factor_label	first_factor	s1_tests	s1_unit	s1_full	s1_proper	s2_tests	s2_unit	s2_full	s2_proper	s3_tests	s3_unit	s3_full	s3_proper	s4_tests	s4_unit	s4_full	s4_proper	s5_tests	s5_unit	s5_full	s5_proper	s6_tests	s6_unit	s6_full	s6_proper	s7_tests	s7_unit	s7_full	s7_proper	s8_tests	s8_unit	s8_full	s8_proper
F268-D04	heldout	random	60	0	1153985435034061176990828645364850693	0	1	0	-	1	48	62	107	48	0	0	0	0	0	0	0	48	1128	0	0	0	-	0	48	48	0	0	528	528	0	0	9024	9024	0	0	0	0	0	0	0	0	0	0	0	0	0	0	0	0	0	0	0	0	0	0
F268-D04	heldout	random	60	0	1153985435034061176990828645364850693	1	1	0	-	1	48	59	97	48	0	0	0	0	0	0	0	48	1128	0	0	0	-	0	48	48	0	0	432	432	0	0	9024	9024	0	0	0	0	0	0	0	0	0	0	0	0	0	0	0	0	0	0	0	0	0	0
F268-D04	heldout	random	60	0	1153985435034061176990828645364850693	2	1	0	-	1	48	61	119	48	0	0	0	0	0	0	0	48	1128	0	0	0	-	0	48	48	0	0	624	624	0	0	9024	9024	0	0	0	0	0	0	0	0	0	0	0	0	0	0	0	0	0	0	0	0	0	0
F268-D04	heldout	random	60	0	1153985435034061176990828645364850693	3	1	0	-	1	48	67	116	48	0	0	0	0	0	0	0	48	1128	0	0	0	-	0	48	48	0	0	624	624	0	0	9024	9024	0	0	0	0	0	0	0	0	0	0	0	0	0	0	0	0	0	0	0	0	0	0
F268-D04	heldout	random	60	0	1153985435034061176990828645364850693	4	1	0	-	1	48	66	95	48	0	0	0	0	0	0	0	48	1128	0	0	0	-	0	48	48	0	0	528	528	0	0	9024	9024	0	0	0	0	0	0	0	0	0	0	0	0	0	0	0	0	0	0	0	0	0	0
F268-D04	heldout	random	60	0	1153985435034061176990828645364850693	5	1	0	-	1	48	62	95	48	0	0	0	0	0	0	0	48	1128	0	0	0	-	0	48	48	0	0	528	528	0	0	9024	8952	72	0	24	24	0	0	0	0	0	0	0	0	0	0	0	0	0	0	0	0	0	0
F268-D04	heldout	random	60	0	1153985435034061176990828645364850693	6	1	0	-	1	48	61	112	48	0	0	0	0	0	0	0	48	1128	0	0	0	-	0	48	48	0	0	432	432	0	0	9024	9024	0	0	32	32	0	0	0	0	0	0	0	0	0	0	0	0	0	0	0	0	0	0
F268-D04	heldout	random	60	0	1153985435034061176990828645364850693	7	1	0	-	1	48	61	103	48	0	0	0	0	0	0	0	48	1128	0	0	0	-	0	48	48	0	0	624	624	0	0	9024	9024	0	0	72	72	0	0	0	0	0	0	0	0	0	0	0	0	0	0	0	0	0	0
F268-D04	heldout	random	60	0	1153985435034061176990828645364850693	8	1	0	-	1	48	60	110	48	0	0	0	0	0	0	0	48	1128	0	0	0	-	0	48	48	0	0	624	624	0	0	9024	9024	0	0	48	48	0	0	0	0	0	0	0	0	0	0	0	0	0	0	0	0	0	0
F268-D04	heldout	random	60	0	1153985435034061176990828645364850693	9	1	0	-	1	48	63	113	48	0	0	0	0	0	0	0	48	1128	0	0	0	-	0	48	48	0	0	528	528	0	0	9024	8988	36	0	12	12	0	0	0	0	0	0	0	0	0	0	0	0	0	0	0	0	0	0
F268-D04	heldout	random	60	0	1153985435034061176990828645364850693	10	1	0	-	1	45	56	76	45	0	0	0	0	0	0	0	45	990	0	0	0	-	0	9	9	0	0	513	513	0	0	7920	7830	90	0	36	36	0	0	0	0	0	0	0	0	0	0	0	0	0	0	0	0	0	0
F268-D04	heldout	random	60	0	1153985435034061176990828645364850693	11	1	0	-	1	48	61	97	48	0	0	0	0	0	0	0	48	1128	0	0	0	-	0	50	50	0	0	546	546	0	0	9024	9024	0	0	0	0	0	0	0	0	0	0	0	0	0	0	0	0	0	0	0	0	0	0
F268-D04	heldout	neighbor	60	1	1323515760881421952601652054212920703	0	1	0	-	1	48	59	83	48	0	0	0	0	0	0	0	48	1128	0	0	0	-	0	48	48	0	0	432	432	0	0	9024	9024	0	0	0	0	0	0	0	0	0	0	0	0	0	0	0	0	0	0	0	0	0	0
F268-D04	heldout	neighbor	60	1	1323515760881421952601652054212920703	1	1	0	-	1	48	63	80	48	0	0	0	0	0	0	0	48	1128	0	0	0	-	0	48	48	0	0	1008	1008	0	0	9024	9024	0	0	0	0	0	0	0	0	0	0	0	0	0	0	0	0	0	0	0	0	0	0
F268-D04	heldout	neighbor	60	1	1323515760881421952601652054212920703	2	1	0	-	1	48	67	113	48	0	0	0	0	0	0	0	48	1128	0	0	0	-	0	48	48	0	0	1104	1104	0	0	9024	9024	0	0	0	0	0	0	0	0	0	0	0	0	0	0	0	0	0	0	0	0	0	0
F268-D04	heldout	neighbor	60	1	1323515760881421952601652054212920703	3	1	0	-	1	48	61	97	48	0	0	0	0	0	0	0	48	1128	0	0	0	-	0	48	48	0	0	528	528	0	0	9024	9024	0	0	0	0	0	0	0	0	0	0	0	0	0	0	0	0	0	0	0	0	0	0
F268-D04	heldout	neighbor	60	1	1323515760881421952601652054212920703	4	1	0	-	1	48	65	97	48	0	0	0	0	0	0	0	48	1128	0	0	0	-	0	48	48	0	0	1104	1104	0	0	9024	9024	0	0	0	0	0	0	0	0	0	0	0	0	0	0	0	0	0	0	0	0	0	0
F268-D04	heldout	neighbor	60	1	1323515760881421952601652054212920703	5	1	0	-	1	48	60	112	48	0	0	0	0	0	0	0	48	1128	0	0	0	-	0	48	48	0	0	432	432	0	0	9024	8952	72	0	24	24	0	0	0	0	0	0	0	0	0	0	0	0	0	0	0	0	0	0
F268-D04	heldout	neighbor	60	1	1323515760881421952601652054212920703	6	1	0	-	1	48	66	110	48	0	0	0	0	0	0	0	48	1128	0	0	0	-	0	48	48	0	0	1008	1008	0	0	9024	9024	0	0	32	32	0	0	0	0	0	0	0	0	0	0	0	0	0	0	0	0	0	0
F268-D04	heldout	neighbor	60	1	1323515760881421952601652054212920703	7	1	0	-	1	48	63	101	48	0	0	0	0	0	0	0	48	1128	0	0	0	-	0	48	48	0	0	1104	1104	0	0	9024	9024	0	0	72	72	0	0	0	0	0	0	0	0	0	0	0	0	0	0	0	0	0	0
F268-D04	heldout	neighbor	60	1	1323515760881421952601652054212920703	8	1	0	-	1	48	61	111	48	0	0	0	0	0	0	0	48	1128	0	0	0	-	0	48	48	0	0	528	528	0	0	9024	9024	0	0	48	48	0	0	0	0	0	0	0	0	0	0	0	0	0	0	0	0	0	0
F268-D04	heldout	neighbor	60	1	1323515760881421952601652054212920703	9	1	0	-	1	48	61	90	48	0	0	0	0	0	0	0	48	1128	0	0	0	-	0	48	48	0	0	1104	1104	0	0	9024	8988	36	0	12	12	0	0	0	0	0	0	0	0	0	0	0	0	0	0	0	0	0	0
F268-D04	heldout	neighbor	60	1	1323515760881421952601652054212920703	10	1	0	-	1	45	56	104	45	0	0	0	0	0	0	0	45	990	0	0	0	-	0	9	9	0	0	783	783	0	0	7920	7830	90	0	36	36	0	0	0	0	0	0	0	0	0	0	0	0	0	0	0	0	0	0
F268-D04	heldout	neighbor	60	1	1323515760881421952601652054212920703	11	1	0	-	1	48	61	96	48	0	0	0	0	0	0	0	48	1128	0	0	0	-	0	50	50	0	0	836	836	0	0	9024	9024	0	0	0	0	0	0	0	0	0	0	0	0	0	0	0	0	0	0	0	0	0	0
F268-D04	heldout	safe-safe	60	2	1100972768659572059393083479278199001	0	1	0	-	1	48	59	82	48	0	0	0	0	0	0	0	48	1128	0	0	0	-	0	48	48	0	0	624	624	0	0	9024	9024	0	0	0	0	0	0	0	0	0	0	0	0	0	0	0	0	0	0	0	0	0	0
F268-D04	heldout	safe-safe	60	2	1100972768659572059393083479278199001	1	1	0	-	1	48	59	104	48	0	0	0	0	0	0	0	48	1128	0	0	0	-	0	48	48	0	0	432	432	0	0	9024	9024	0	0	0	0	0	0	0	0	0	0	0	0	0	0	0	0	0	0	0	0	0	0
F268-D04	heldout	safe-safe	60	2	1100972768659572059393083479278199001	2	1	0	-	1	48	61	122	48	0	0	0	0	0	0	0	48	1128	0	0	0	-	0	48	48	0	0	720	720	0	0	9024	9024	0	0	0	0	0	0	0	0	0	0	0	0	0	0	0	0	0	0	0	0	0	0
F268-D04	heldout	safe-safe	60	2	1100972768659572059393083479278199001	3	1	0	-	1	48	64	110	48	0	0	0	0	0	0	0	48	1128	0	0	0	-	0	48	48	0	0	720	720	0	0	9024	9024	0	0	0	0	0	0	0	0	0	0	0	0	0	0	0	0	0	0	0	0	0	0
F268-D04	heldout	safe-safe	60	2	1100972768659572059393083479278199001	4	1	0	-	1	48	63	107	48	0	0	0	0	0	0	0	48	1128	0	0	0	-	0	48	48	0	0	528	528	0	0	9024	9024	0	0	0	0	0	0	0	0	0	0	0	0	0	0	0	0	0	0	0	0	0	0
F268-D04	heldout	safe-safe	60	2	1100972768659572059393083479278199001	5	1	0	-	1	48	64	96	48	0	0	0	0	0	0	0	48	1128	0	0	0	-	0	48	48	0	0	624	624	0	0	9024	8952	72	0	24	24	0	0	0	0	0	0	0	0	0	0	0	0	0	0	0	0	0	0
F268-D04	heldout	safe-safe	60	2	1100972768659572059393083479278199001	6	1	0	-	1	48	61	110	48	0	0	0	0	0	0	0	48	1128	0	0	0	-	0	48	48	0	0	432	432	0	0	9024	9024	0	0	32	32	0	0	0	0	0	0	0	0	0	0	0	0	0	0	0	0	0	0
F268-D04	heldout	safe-safe	60	2	1100972768659572059393083479278199001	7	1	0	-	1	48	61	100	48	0	0	0	0	0	0	0	48	1128	0	0	0	-	0	48	48	0	0	720	720	0	0	9024	9024	0	0	72	72	0	0	0	0	0	0	0	0	0	0	0	0	0	0	0	0	0	0
F268-D04	heldout	safe-safe	60	2	1100972768659572059393083479278199001	8	1	0	-	1	48	61	102	48	0	0	0	0	0	0	0	48	1128	0	0	0	-	0	48	48	0	0	720	720	0	0	9024	9024	0	0	48	48	0	0	0	0	0	0	0	0	0	0	0	0	0	0	0	0	0	0
F268-D04	heldout	safe-safe	60	2	1100972768659572059393083479278199001	9	1	0	-	1	48	60	112	48	0	0	0	0	0	0	0	48	1128	0	0	0	-	0	48	48	0	0	528	528	0	0	9024	8988	36	0	12	12	0	0	0	0	0	0	0	0	0	0	0	0	0	0	0	0	0	0
F268-D04	heldout	safe-safe	60	2	1100972768659572059393083479278199001	10	1	0	-	1	45	57	97	45	0	0	0	0	0	0	0	45	990	0	0	0	-	0	9	9	0	0	567	567	0	0	7920	7830	90	0	36	36	0	0	0	0	0	0	0	0	0	0	0	0	0	0	0	0	0	0
F268-D04	heldout	safe-safe	60	2	1100972768659572059393083479278199001	11	1	0	-	1	48	59	90	48	0	0	0	0	0	0	0	48	1128	0	0	0	-	0	50	50	0	0	604	604	0	0	9024	9024	0	0	0	0	0	0	0	0	0	0	0	0	0	0	0	0	0	0	0	0	0	0
F268-D04	heldout	marker-control	32	3	8186241659521046951	0	1	0	-	1	48	60	99	48	0	0	0	0	0	0	0	48	1128	0	0	0	-	0	48	48	0	0	432	432	0	0	9024	9024	0	0	0	0	0	0	0	0	0	0	0	0	0	0	0	0	0	0	0	0	0	0
F268-D04	heldout	marker-control	32	3	8186241659521046951	1	1	0	-	1	48	59	102	48	0	0	0	0	0	0	0	48	1128	0	0	0	-	0	48	48	0	0	624	624	0	0	9024	9024	0	0	0	0	0	0	0	0	0	0	0	0	0	0	0	0	0	0	0	0	0	0
F268-D04	heldout	marker-control	32	3	8186241659521046951	2	1	0	-	1	48	57	66	48	0	0	0	0	0	0	0	48	1128	0	0	0	-	0	48	48	0	0	720	720	0	0	9024	9024	0	0	0	0	0	0	0	0	0	0	0	0	0	0	0	0	0	0	0	0	0	0
F268-D04	heldout	marker-control	32	3	8186241659521046951	3	1	0	-	1	48	58	89	48	0	0	0	0	0	0	0	48	1128	0	0	0	-	0	48	48	0	0	528	528	0	0	9024	9024	0	0	0	0	0	0	0	0	0	0	0	0	0	0	0	0	0	0	0	0	0	0
F268-D04	heldout	marker-control	32	3	8186241659521046951	4	1	0	-	1	48	62	97	48	0	0	0	0	0	0	0	48	1128	0	0	0	-	0	48	48	0	0	720	720	0	0	9024	9024	0	0	0	0	0	0	0	0	0	0	0	0	0	0	0	0	0	0	0	0	0	0
F268-D04	heldout	marker-control	32	3	8186241659521046951	5	1	0	-	1	48	59	111	48	0	0	0	0	0	0	0	48	1128	0	0	0	-	0	48	48	0	0	432	432	0	0	9024	8952	72	0	24	24	0	0	0	0	0	0	0	0	0	0	0	0	0	0	0	0	0	0
F268-D04	heldout	marker-control	32	3	8186241659521046951	6	1	0	-	1	48	60	93	48	0	0	0	0	0	0	0	48	1128	0	0	0	-	0	48	48	0	0	624	624	0	0	9024	9024	0	0	32	32	0	0	0	0	0	0	0	0	0	0	0	0	0	0	0	0	0	0
F268-D04	heldout	marker-control	32	3	8186241659521046951	7	1	0	-	1	48	62	106	48	0	0	0	0	0	0	0	48	1128	0	0	0	-	0	48	48	0	0	720	720	0	0	9024	9024	0	0	72	72	0	0	0	0	0	0	0	0	0	0	0	0	0	0	0	0	0	0
F268-D04	heldout	marker-control	32	3	8186241659521046951	8	1	0	-	1	48	58	102	48	0	0	0	0	0	0	0	48	1128	0	0	0	-	0	48	48	0	0	528	528	0	0	9024	9024	0	0	48	48	0	0	0	0	0	0	0	0	0	0	0	0	0	0	0	0	0	0
F268-D04	heldout	marker-control	32	3	8186241659521046951	9	1	0	-	1	48	60	76	48	0	0	0	0	0	0	0	48	1128	0	0	0	-	0	48	48	0	0	720	720	0	0	9024	8988	36	0	12	12	0	0	0	0	0	0	0	0	0	0	0	0	0	0	0	0	0	0
F268-D04	heldout	marker-control	32	3	8186241659521046951	10	1	0	-	1	45	58	90	45	0	0	0	0	0	0	0	45	990	0	0	0	-	0	9	9	0	0	567	567	0	0	7920	7830	90	0	36	36	0	0	0	0	0	0	0	0	0	0	0	0	0	0	0	0	0	0
F268-D04	heldout	marker-control	32	3	8186241659521046951	11	1	0	-	1	48	65	99	48	0	0	0	0	0	0	0	48	1128	0	0	0	-	0	50	50	0	0	604	604	0	0	9024	9024	0	0	0	0	0	0	0	0	0	0	0	0	0	0	0	0	0	0	0	0	0	0
