candidate_r,gcd_N_r,phi_r,ord_r_N,order_exceeds_log2N_squared
2,1,1,1,0
3,1,2,1,0
4,1,2,1,0
5,1,4,4,0
6,1,2,1,0
7,1,6,3,0
8,1,4,1,0
9,1,6,3,0
10,1,4,4,0
11,1,10,2,0
12,1,4,1,0
13,1,12,1,0
14,1,6,3,0
15,1,8,4,0
16,1,8,1,0
17,1,16,8,0
18,1,6,3,0
19,1,18,3,0
20,1,8,4,0
21,1,12,3,0
22,1,10,2,0
23,1,22,1,0
24,1,8,1,0
25,1,20,20,0
26,1,12,1,0
27,1,18,9,0
28,1,12,3,0
29,1,28,7,0
30,1,8,4,0
31,1,30,10,0
32,1,16,1,0
33,1,20,2,0
34,1,16,8,0
35,1,24,12,0
36,1,12,3,0
37,1,36,36,0
38,1,18,3,0
39,1,24,1,0
40,1,16,4,0
41,1,40,5,0
42,1,12,3,0
43,1,42,7,0
44,1,20,2,0
45,1,24,12,0
46,1,22,1,0
47,1,46,46,0
48,1,16,1,0
49,1,42,21,0
50,1,20,20,0
51,1,32,8,0
52,1,24,1,0
53,1,52,26,0
54,1,18,9,0
55,1,40,4,0
56,1,24,3,0
57,1,36,3,0
58,1,28,7,0
59,1,58,29,0
60,1,16,4,0
61,1,60,10,0
62,1,30,10,0
63,1,36,3,0
64,1,32,1,0
65,1,48,4,0
66,1,20,2,0
67,1,66,22,0
68,1,32,8,0
69,1,44,1,0
70,1,24,12,0
71,1,70,35,0
72,1,24,3,0
73,1,72,24,0
74,1,36,36,0
75,1,40,20,0
76,1,36,3,0
77,1,60,6,0
78,1,24,1,0
79,1,78,78,0
80,1,32,4,0
81,1,54,27,0
82,1,40,5,0
83,1,82,41,0
84,1,24,3,0
85,1,64,8,0
86,1,42,7,0
87,1,56,7,0
88,1,40,2,0
89,1,88,88,0
90,1,24,12,0
91,1,72,3,0
92,1,44,1,0
93,1,60,10,0
94,1,46,46,0
95,1,72,12,0
96,1,32,1,0
97,1,96,32,0
98,1,42,21,0
99,1,60,6,0
100,1,40,20,0
101,1,100,50,0
102,1,32,8,0
103,1,102,102,0
104,1,48,1,0
105,1,48,12,0
106,1,52,26,0
107,1,106,106,0
108,1,36,9,0
109,1,108,108,0
110,1,40,4,0
111,1,72,36,0
112,1,48,3,0
113,1,112,56,0
114,1,36,3,0
115,1,88,4,0
116,1,56,7,0
117,1,72,3,0
118,1,58,29,0
119,1,96,24,0
120,1,32,4,0
121,1,110,2,0
122,1,60,10,0
123,1,80,5,0
124,1,60,10,0
125,1,100,100,0
126,1,36,3,0
127,1,126,21,0
128,1,64,2,0
129,1,84,7,0
130,1,48,4,0
131,1,130,65,0
132,1,40,2,0
133,1,108,3,0
134,1,66,22,0
135,1,72,36,0
136,1,64,8,0
137,1,136,34,0
138,1,44,1,0
139,1,138,138,0
140,1,48,12,0
141,1,92,46,0
142,1,70,35,0
143,1,120,2,0
144,1,48,3,0
145,1,112,28,0
146,1,72,24,0
147,1,84,21,0
148,1,72,36,0
149,1,148,74,0
150,1,40,20,0
151,1,150,150,0
152,1,72,3,0
153,1,96,24,0
154,1,60,6,0
155,1,120,20,0
156,1,48,1,0
157,1,156,39,0
158,1,78,78,0
159,1,104,26,0
160,1,64,4,0
161,1,132,3,0
162,1,54,27,0
163,1,162,162,0
164,1,80,5,0
165,1,80,4,0
166,1,82,41,0
167,1,166,83,0
168,1,48,3,0
169,1,156,13,0
170,1,64,8,0
171,1,108,3,0
172,1,84,7,0
173,1,172,172,0
174,1,56,7,0
175,1,120,60,0
176,1,80,2,0
177,1,116,29,0
178,1,88,88,0
179,1,178,178,0
180,1,48,12,0
181,1,180,180,0
182,1,72,3,0
183,1,120,10,0
184,1,88,1,0
185,1,144,36,0
186,1,60,10,0
187,1,160,8,0
188,1,92,46,0
189,1,108,9,0
190,1,72,12,0
191,1,190,95,0
192,1,64,1,0
193,1,192,192,0
194,1,96,32,0
195,1,96,4,0
196,1,84,21,0
197,1,196,28,0
198,1,60,6,0
199,1,198,198,0
200,1,80,20,0
201,1,132,22,0
202,1,100,50,0
203,1,168,21,0
204,1,64,8,0
205,1,160,20,0
206,1,102,102,0
207,1,132,3,0
208,1,96,1,0
209,1,180,6,0
210,1,48,12,0
211,1,210,21,0
212,1,104,26,0
213,1,140,35,0
214,1,106,106,0
215,1,168,28,0
216,1,72,9,0
217,1,180,30,0
218,1,108,108,0
219,1,144,24,0
220,1,80,4,0
221,1,192,8,0
222,1,72,36,0
223,1,222,74,0
224,1,96,3,0
225,1,120,60,0
226,1,112,56,0
227,1,226,113,0
228,1,72,3,0
229,1,228,228,0
230,1,88,4,0
231,1,120,6,0
232,1,112,7,0
233,1,232,116,0
234,1,72,3,0
235,1,184,92,0
236,1,116,29,0
237,1,156,78,0
238,1,96,24,0
239,1,238,17,0
240,1,64,4,0
241,1,240,240,0
242,1,110,2,0
243,1,162,81,0
244,1,120,10,0
245,1,168,84,0
246,1,80,5,0
247,1,216,3,0
248,1,120,10,0
249,1,164,41,0
250,1,100,100,0
251,1,250,125,0
252,1,72,3,0
253,1,220,2,0
254,1,126,21,0
255,1,128,8,0
256,1,128,4,0
257,1,256,128,0
258,1,84,7,0
259,1,216,36,0
260,1,96,4,0
261,1,168,21,0
262,1,130,65,0
263,1,262,262,0
264,1,80,2,0
265,1,208,52,0
266,1,108,3,0
267,1,176,88,0
268,1,132,22,0
269,1,268,134,0
270,1,72,36,0
271,1,270,45,0
272,1,128,8,0
273,1,144,3,0
274,1,136,34,0
275,1,200,20,0
276,1,88,1,0
277,1,276,12,0
278,1,138,138,0
279,1,180,30,0
280,1,96,12,0
281,1,280,40,0
282,1,92,46,0
283,1,282,141,0
284,1,140,35,0
285,1,144,12,0
286,1,120,2,0
287,1,240,15,0
288,1,96,3,0
289,1,272,8,0
290,1,112,28,0
291,1,192,32,0
292,1,144,24,0
293,1,292,292,0
294,1,84,21,0
295,1,232,116,0
296,1,144,36,0
297,1,180,18,0
298,1,148,74,0
299,1,264,1,0
300,1,80,20,0
301,1,252,21,0
302,1,150,150,0
303,1,200,50,0
304,1,144,3,0
305,1,240,20,0
306,1,96,24,0
307,1,306,153,0
308,1,120,6,0
309,1,204,102,0
310,1,120,20,0
311,1,310,155,0
312,1,96,1,0
313,1,312,312,0
314,1,156,39,0
315,1,144,12,0
316,1,156,78,0
317,1,316,158,0
318,1,104,26,0
319,1,280,14,0
320,1,128,4,0
321,1,212,106,0
322,1,132,3,0
323,1,288,24,0
324,1,108,27,0
325,1,240,20,0
326,1,162,162,0
327,1,216,108,0
328,1,160,5,0
329,1,276,138,0
330,1,80,4,0
331,1,330,55,0
332,1,164,41,0
333,1,216,36,0
334,1,166,83,0
335,1,264,44,0
336,1,96,3,0
337,1,336,48,0
338,1,156,13,0
339,1,224,56,0
340,1,128,8,0
341,1,300,10,0
342,1,108,3,0
343,1,294,147,0
344,1,168,7,0
345,1,176,4,0
346,1,172,172,0
347,1,346,346,0
348,1,112,7,0
349,1,348,87,0
350,1,120,60,0
351,1,216,9,0
352,1,160,2,0
353,1,352,352,0
354,1,116,29,0
355,1,280,140,0
356,1,176,88,0
357,1,192,24,0
358,1,178,178,0
359,1,358,358,0
360,1,96,12,0
361,1,342,57,0
362,1,180,180,0
363,1,220,2,0
364,1,144,3,0
365,1,288,24,0
366,1,120,10,0
367,1,366,366,0
368,1,176,1,0
369,1,240,15,0
370,1,144,36,0
371,1,312,78,0
372,1,120,10,0
373,1,372,186,0
374,1,160,8,0
375,1,200,100,0
376,1,184,46,0
377,1,336,7,0
378,1,108,9,0
379,1,378,189,0
380,1,144,12,0
381,1,252,21,0
382,1,190,95,0
383,1,382,382,0
384,1,128,2,0
385,1,240,12,0
386,1,192,192,0
387,1,252,21,0
388,1,192,32,0
389,1,388,97,0
390,1,96,4,0
391,1,352,8,0
392,1,168,21,0
393,1,260,65,0
394,1,196,28,0
395,1,312,156,0
396,1,120,6,0
397,1,396,198,0
398,1,198,198,0
399,1,216,3,0
400,1,160,20,0
401,1,400,200,0
402,1,132,22,0
403,1,360,10,0
404,1,200,50,0
405,1,216,108,0
406,1,168,21,0
407,1,360,36,0
408,1,128,8,0
409,1,408,408,0
410,1,160,20,0
411,1,272,34,0
412,1,204,102,0
413,1,348,87,0
414,1,132,3,0
415,1,328,164,0
416,1,192,1,0
417,1,276,138,0
418,1,180,6,0
419,1,418,209,0
420,1,96,12,0
421,1,420,140,0
422,1,210,21,0
423,1,276,138,0
424,1,208,26,0
425,1,320,40,0
426,1,140,35,0
427,1,360,30,0
428,1,212,106,0
429,1,240,2,0
430,1,168,28,0
431,1,430,430,0
432,1,144,9,0
433,1,432,108,0
434,1,180,30,0
435,1,224,28,0
436,1,216,108,0
437,1,396,3,0
438,1,144,24,0
439,1,438,438,0
440,1,160,4,0
441,1,252,21,0
442,1,192,8,0
443,1,442,221,0
444,1,144,36,0
445,1,352,88,0
446,1,222,74,0
447,1,296,74,0
448,1,192,3,0
449,1,448,448,0
450,1,120,60,0
451,1,400,10,0
452,1,224,56,0
453,1,300,150,0
454,1,226,113,0
455,1,288,12,0
456,1,144,3,0
457,1,456,76,0
458,1,228,228,0
459,1,288,72,0
460,1,176,4,0
461,1,460,115,0
462,1,120,6,0
463,1,462,462,0
464,1,224,7,0
465,1,240,20,0
466,1,232,116,0
467,1,466,233,0
468,1,144,3,0
469,1,396,66,0
470,1,184,92,0
471,1,312,39,0
472,1,232,29,0
473,1,420,14,0
474,1,156,78,0
475,1,360,60,0
476,1,192,24,0
477,1,312,78,0
478,1,238,17,0
479,1,478,239,0
480,1,128,4,0
481,1,432,36,0
482,1,240,240,0
483,1,264,3,0
484,1,220,2,0
485,1,384,32,0
486,1,162,81,0
487,1,486,243,0
488,1,240,10,0
489,1,324,162,0
490,1,168,84,0
491,1,490,245,0
492,1,160,5,0
493,1,448,56,0
494,1,216,3,0
495,1,240,12,0
496,1,240,10,0
497,1,420,105,0
498,1,164,41,0
499,1,498,249,0
500,1,200,100,0
501,1,332,83,0
502,1,250,125,0
503,1,502,502,0
504,1,144,3,0
505,1,400,100,0
506,1,220,2,0
507,1,312,13,0
508,1,252,21,0
509,1,508,127,0
510,1,128,8,0
511,1,432,24,0
512,1,256,8,0
513,1,324,9,0
514,1,256,128,0
515,1,408,204,0
516,1,168,7,0
517,1,460,46,0
518,1,216,36,0
519,1,344,172,0
520,1,192,4,0
521,1,520,260,0
522,1,168,21,0
523,1,522,261,0
524,1,260,65,0
525,1,240,60,0
526,1,262,262,0
527,1,480,40,0
528,1,160,2,0
529,1,506,23,0
530,1,208,52,0
531,1,348,87,0
532,1,216,3,0
533,1,480,5,0
534,1,176,88,0
535,1,424,212,0
536,1,264,22,0
537,1,356,178,0
538,1,268,134,0
539,1,420,42,0
540,1,144,36,0
541,1,540,540,0
542,1,270,45,0
543,1,360,180,0
544,1,256,8,0
545,1,432,108,0
546,1,144,3,0
547,1,546,182,0
548,1,272,34,0
549,1,360,30,0
550,1,200,20,0
551,1,504,21,0
552,1,176,1,0
553,1,468,78,0
554,1,276,12,0
555,1,288,36,0
556,1,276,138,0
557,1,556,556,0
558,1,180,30,0
559,1,504,7,0
560,1,192,12,0
561,1,320,8,0
562,1,280,40,0
563,1,562,281,0
564,1,184,46,0
565,1,448,56,0
566,1,282,141,0
567,1,324,27,0
568,1,280,35,0
569,1,568,568,0
570,1,144,12,0
571,1,570,190,0
572,1,240,2,0
573,1,380,95,0
574,1,240,15,0
575,1,440,20,0
576,1,192,3,0
577,1,576,576,0
578,1,272,8,0
579,1,384,192,0
580,1,224,28,0
581,1,492,123,0
582,1,192,32,0
583,1,520,26,0
584,1,288,24,0
585,1,288,12,0
586,1,292,292,0
587,1,586,586,0
588,1,168,21,0
589,1,540,30,0
590,1,232,116,0
591,1,392,28,0
592,1,288,36,0
593,1,592,296,0
594,1,180,18,0
595,1,384,24,0
596,1,296,74,0
597,1,396,198,0
598,1,264,1,0
599,1,598,598,0
600,1,160,20,0
601,1,600,120,0
602,1,252,21,0
603,1,396,66,0
604,1,300,150,0
605,1,440,4,0
606,1,200,50,0
607,1,606,303,0
608,1,288,3,0
609,1,336,21,0
610,1,240,20,0
611,1,552,46,0
612,1,192,24,0
613,1,612,51,0
614,1,306,153,0
615,1,320,20,0
616,1,240,6,0
617,1,616,616,0
618,1,204,102,0
619,1,618,309,0
620,1,240,20,0
621,1,396,9,0
622,1,310,155,0
623,1,528,264,0
624,1,192,1,0
625,1,500,500,0
626,1,312,312,0
627,1,360,6,0
628,1,312,39,0
629,1,576,72,0
630,1,144,12,0
631,1,630,630,0
632,1,312,78,0
633,1,420,21,0
634,1,316,158,0
635,1,504,84,0
636,1,208,26,0
637,1,504,21,0
638,1,280,14,0
639,1,420,105,0
640,1,256,4,0
641,1,640,32,0
642,1,212,106,0
643,1,642,214,0
644,1,264,3,0
645,1,336,28,0
646,1,288,24,0
647,1,646,646,0
648,1,216,27,0
649,1,580,58,0
650,1,240,20,0
651,1,360,30,0
652,1,324,162,0
653,1,652,163,0
654,1,216,108,0
655,1,520,260,0
656,1,320,5,0
657,1,432,24,0
658,1,276,138,0
659,1,658,329,0
660,1,160,4,0
661,1,660,11,0
662,1,330,55,0
663,1,384,8,0
664,1,328,41,0
665,1,432,12,0
666,1,216,36,0
667,1,616,7,0
668,1,332,83,0
669,1,444,74,0
670,1,264,44,0
671,1,600,10,0
672,1,192,3,0
673,1,672,112,0
674,1,336,48,0
675,1,360,180,0
676,1,312,13,0
677,1,676,676,0
678,1,224,56,0
679,1,576,96,0
680,1,256,8,0
681,1,452,113,0
682,1,300,10,0
683,1,682,682,0
684,1,216,3,0
685,1,544,68,0
686,1,294,147,0
687,1,456,228,0
688,1,336,7,0
689,1,624,26,0
690,1,176,4,0
691,1,690,46,0
692,1,344,172,0
693,1,360,6,0
694,1,346,346,0
695,1,552,276,0
696,1,224,7,0
697,1,640,40,0
698,1,348,87,0
699,1,464,116,0
700,1,240,60,0
701,1,700,350,0
702,1,216,9,0
703,1,648,36,0
704,1,320,2,0
705,1,368,92,0
706,1,352,352,0
707,1,600,150,0
708,1,232,29,0
709,1,708,354,0
710,1,280,140,0
711,1,468,78,0
712,1,352,88,0
713,1,660,10,0
714,1,192,24,0
715,1,480,4,0
716,1,356,178,0
717,1,476,17,0
718,1,358,358,0
719,1,718,359,0
720,1,192,12,0
721,1,612,102,0
722,1,342,57,0
723,1,480,240,0
724,1,360,180,0
725,1,560,140,0
726,1,220,2,0
727,1,726,726,0
728,1,288,3,0
729,1,486,243,0
730,1,288,24,0
731,1,672,56,0
732,1,240,10,0
733,1,732,183,0
734,1,366,366,0
735,1,336,84,0
736,1,352,1,0
737,1,660,22,0
738,1,240,15,0
739,1,738,123,0
740,1,288,36,0
741,1,432,3,0
742,1,312,78,0
743,1,742,371,0
744,1,240,10,0
745,1,592,148,0
746,1,372,186,0
747,1,492,123,0
748,1,320,8,0
749,1,636,318,0
750,1,200,100,0
751,1,750,750,0
752,1,368,46,0
753,1,500,125,0
754,1,336,7,0
755,1,600,300,0
756,1,216,9,0
757,1,756,18,0
758,1,378,189,0
759,1,440,2,0
760,1,288,12,0
761,1,760,38,0
762,1,252,21,0
763,1,648,108,0
764,1,380,95,0
765,1,384,24,0
766,1,382,382,0
767,1,696,29,0
768,1,256,4,0
769,1,768,32,0
770,1,240,12,0
771,1,512,128,0
772,1,384,192,0
773,1,772,772,0
774,1,252,21,0
775,1,600,20,0
776,1,384,32,0
777,1,432,36,0
778,1,388,97,0
779,1,720,15,0
780,1,192,4,0
781,1,700,70,0
782,1,352,8,0
783,1,504,63,0
784,1,336,21,0
785,1,624,156,0
786,1,260,65,0
787,1,786,131,0
788,1,392,28,0
789,1,524,262,0
790,1,312,156,0
791,1,672,168,0
792,1,240,6,0
793,1,720,10,0
794,1,396,198,0
795,1,416,52,0
796,1,396,198,0
797,1,796,199,0
798,1,216,3,0
799,1,736,184,0
800,1,320,20,0
801,1,528,264,0
802,1,400,200,0
803,1,720,24,0
804,1,264,22,0
805,1,528,12,0
806,1,360,10,0
807,1,536,134,0
808,1,400,50,0
809,1,808,808,0
810,1,216,108,0
811,1,810,270,0
812,1,336,21,0
813,1,540,45,0
814,1,360,36,0
815,1,648,324,0
816,1,256,8,0
817,1,756,21,0
818,1,408,408,0
819,1,432,3,0
820,1,320,20,0
821,1,820,820,0
822,1,272,34,0
823,1,822,274,0
824,1,408,102,0
825,1,400,20,0
826,1,348,87,0
827,1,826,826,0
828,1,264,3,0
829,1,828,414,0
830,1,328,164,0
831,1,552,12,0
832,1,384,1,0
833,1,672,168,0
834,1,276,138,0
835,1,664,332,0
836,1,360,6,0
837,1,540,90,0
838,1,418,209,0
839,1,838,838,0
840,1,192,12,0
841,1,812,203,0
842,1,420,140,0
843,1,560,40,0
844,1,420,21,0
845,1,624,52,0
846,1,276,138,0
847,1,660,6,0
848,1,416,26,0
849,1,564,141,0
850,1,320,40,0
851,1,792,36,0
852,1,280,35,0
853,1,852,852,0
854,1,360,30,0
855,1,432,12,0
856,1,424,106,0
857,1,856,856,0
858,1,240,2,0
859,1,858,39,0
860,1,336,28,0
861,1,480,15,0
862,1,430,430,0
863,1,862,862,0
864,1,288,9,0
865,1,688,172,0
866,1,432,108,0
867,1,544,8,0
868,1,360,30,0
869,1,780,78,0
870,1,224,28,0
871,1,792,22,0
872,1,432,108,0
873,1,576,96,0
874,1,396,3,0
875,1,600,300,0
876,1,288,24,0
877,1,876,73,0
878,1,438,438,0
879,1,584,292,0
880,1,320,4,0
881,1,880,55,0
882,1,252,21,0
883,1,882,294,0
884,1,384,8,0
885,1,464,116,0
886,1,442,221,0
887,1,886,443,0
888,1,288,36,0
889,1,756,21,0
890,1,352,88,0
891,1,540,54,0
892,1,444,74,0
893,1,828,138,0
894,1,296,74,0
895,1,712,356,0
896,1,384,6,0
897,1,528,1,0
898,1,448,448,0
899,1,840,70,0
900,1,240,60,0
901,1,832,104,0
902,1,400,10,0
903,1,504,21,0
904,1,448,56,0
905,1,720,180,0
906,1,300,150,0
907,1,906,906,0
908,1,452,113,0
909,1,600,150,0
910,1,288,12,0
911,1,910,455,0
912,1,288,3,0
913,1,820,82,0
914,1,456,76,0
915,1,480,20,0
916,1,456,228,0
917,1,780,195,0
918,1,288,72,0
919,1,918,102,0
920,1,352,4,0
921,1,612,153,0
922,1,460,115,0
923,1,840,35,0
924,1,240,6,0
925,1,720,180,0
926,1,462,462,0
927,1,612,102,0
928,1,448,7,0
929,1,928,928,0
930,1,240,20,0
931,1,756,21,0
932,1,464,116,0
933,1,620,155,0
934,1,466,233,0
935,1,640,8,0
936,1,288,3,0
937,1,936,72,0
938,1,396,66,0
939,1,624,312,0
940,1,368,92,0
941,1,940,20,0
942,1,312,39,0
943,1,880,5,0
944,1,464,29,0
945,1,432,36,0
946,1,420,14,0
947,1,946,946,0
948,1,312,78,0
949,1,864,24,0
950,1,360,60,0
951,1,632,158,0
952,1,384,24,0
953,1,952,952,0
954,1,312,78,0
955,1,760,380,0
956,1,476,17,0
957,1,560,14,0
958,1,478,239,0
959,1,816,102,0
960,1,256,4,0
961,1,930,310,0
962,1,432,36,0
963,1,636,318,0
964,1,480,240,0
965,1,768,192,0
966,1,264,3,0
967,1,966,161,0
968,1,440,2,0
969,1,576,24,0
970,1,384,32,0
971,1,970,485,0
972,1,324,81,0
973,1,828,138,0
974,1,486,243,0
975,1,480,20,0
976,1,480,10,0
977,1,976,976,0
978,1,324,162,0
979,1,880,88,0
980,1,336,84,0
981,1,648,108,0
982,1,490,245,0
983,1,982,491,0
984,1,320,5,0
985,1,784,28,0
986,1,448,56,0
987,1,552,138,0
988,1,432,3,0
989,1,924,7,0
990,1,240,12,0
991,1,990,495,0
992,1,480,10,0
993,1,660,55,0
994,1,420,105,0
995,1,792,396,0
996,1,328,41,0
997,1,996,166,0
998,1,498,249,0
999,1,648,36,0
1000,1,400,100,0
1001,1,720,6,0
1002,1,332,83,0
1003,1,928,232,0
1004,1,500,125,0
1005,1,528,44,0
1006,1,502,502,0
1007,1,936,78,0
1008,1,288,3,0
1009,1,1008,336,0
1010,1,400,100,0
1011,1,672,48,0
1012,1,440,2,0
1013,1,1012,506,0
1014,1,312,13,0
1015,1,672,84,0
1016,1,504,21,0
1017,1,672,168,0
1018,1,508,127,0
1019,1,1018,509,0
1020,1,256,8,0
1021,1,1020,1020,0
1022,1,432,24,0
1023,1,600,10,0
1024,1,512,16,0
1025,1,800,20,0
1026,1,324,9,0
1027,1,936,78,0
1028,1,512,128,0
1029,1,588,147,0
1030,1,408,204,0
1031,1,1030,515,0
1032,1,336,7,0
1033,1,1032,1032,0
1034,1,460,46,0
1035,1,528,12,0
1036,1,432,36,0
1037,1,960,40,0
1038,1,344,172,0
1039,1,1038,1038,0
1040,1,384,4,0
1041,1,692,346,0
1042,1,520,260,0
1043,1,888,222,0
1044,1,336,21,0
1045,1,720,12,0
1046,1,522,261,0
1047,1,696,87,0
1048,1,520,65,0
1049,1,1048,1048,0
1050,1,240,60,0
1051,1,1050,525,0
1052,1,524,262,0
1053,1,648,27,0
1054,1,480,40,0
1055,1,840,84,0
1056,1,320,2,0
1057,1,900,150,0
1058,1,506,23,0
1059,1,704,352,0
1060,1,416,52,0
1061,1,1060,265,0
1062,1,348,87,0
1063,1,1062,531,0
1064,1,432,3,0
1065,1,560,140,0
1066,1,480,5,0
1067,1,960,32,0
1068,1,352,88,0
1069,1,1068,267,0
1070,1,424,212,0
1071,1,576,24,0
1072,1,528,22,0
1073,1,1008,252,0
1074,1,356,178,0
1075,1,840,140,0
1076,1,536,134,0
1077,1,716,358,0
1078,1,420,42,0
1079,1,984,41,0
1080,1,288,36,0
1081,1,1012,46,0
1082,1,540,540,0
1083,1,684,57,0
1084,1,540,45,0
1085,1,720,60,0
1086,1,360,180,0
1087,1,1086,181,0
1088,1,512,8,0
1089,1,660,6,0
1090,1,432,108,0
1091,1,1090,545,0
1092,1,288,3,0
1093,1,1092,182,0
1094,1,546,182,0
1095,1,576,24,0
1096,1,544,34,0
1097,1,1096,1096,0
1098,1,360,30,0
1099,1,936,39,0
1100,1,400,20,0
1101,1,732,366,0
1102,1,504,21,0
1103,1,1102,551,0
1104,1,352,1,0
1105,1,768,8,0
1106,1,468,78,0
1107,1,720,45,0
1108,1,552,12,0
1109,1,1108,1108,0
1110,1,288,36,0
1111,1,1000,50,0
1112,1,552,138,0
1113,1,624,78,0
1114,1,556,556,0
1115,1,888,148,0
1116,1,360,30,0
1117,1,1116,279,0
1118,1,504,7,0
1119,1,744,186,0
1120,1,384,12,0
1121,1,1044,87,0
1122,1,320,8,0
1123,1,1122,561,0
1124,1,560,40,0
1125,1,600,300,0
1126,1,562,281,0
1127,1,924,21,0
1128,1,368,46,0
1129,1,1128,564,0
1130,1,448,56,0
1131,1,672,7,0
1132,1,564,141,0
1133,1,1020,102,0
1134,1,324,27,0
1135,1,904,452,0
1136,1,560,35,0
1137,1,756,189,0
1138,1,568,568,0
1139,1,1056,88,0
1140,1,288,12,0
1141,1,972,162,0
1142,1,570,190,0
1143,1,756,21,0
1144,1,480,2,0
1145,1,912,228,0
1146,1,380,95,0
1147,1,1080,180,0
1148,1,480,15,0
1149,1,764,382,0
1150,1,440,20,0
1151,1,1150,1150,0
1152,1,384,6,0
1153,1,1152,1152,0
1154,1,576,576,0
1155,1,480,12,0
1156,1,544,8,0
1157,1,1056,88,0
1158,1,384,192,0
1159,1,1080,30,0
1160,1,448,28,0
1161,1,756,63,0
1162,1,492,123,0
1163,1,1162,581,0
1164,1,384,32,0
1165,1,928,116,0
1166,1,520,26,0
1167,1,776,97,0
1168,1,576,24,0
1169,1,996,249,0
1170,1,288,12,0
1171,1,1170,1170,0
1172,1,584,292,0
1173,1,704,8,0
1174,1,586,586,0
1175,1,920,460,0
1176,1,336,21,0
1177,1,1060,106,0
1178,1,540,30,0
1179,1,780,195,0
1180,1,464,116,0
1181,1,1180,295,0
1182,1,392,28,0
1183,1,936,39,0
1184,1,576,36,0
1185,1,624,156,0
1186,1,592,296,0
1187,1,1186,593,0
1188,1,360,18,0
1189,1,1120,35,0
1190,1,384,24,0
1191,1,792,198,0
1192,1,592,74,0
1193,1,1192,1192,0
1194,1,396,198,0
1195,1,952,68,0
1196,1,528,1,0
1197,1,648,3,0
1198,1,598,598,0
1199,1,1080,108,0
1200,1,320,20,0
1201,1,1200,120,0
1202,1,600,120,0
1203,1,800,200,0
1204,1,504,21,0
1205,1,960,240,0
1206,1,396,66,0
1207,1,1120,280,0
1208,1,600,150,0
1209,1,720,10,0
1210,1,440,4,0
1211,1,1032,516,0
1212,1,400,50,0
1213,1,1212,404,0
1214,1,606,303,0
1215,1,648,324,0
1216,1,576,3,0
1217,1,1216,32,0
1218,1,336,21,0
1219,1,1144,26,0
1220,1,480,20,0
1221,1,720,36,0
1222,1,552,46,0
1223,1,1222,611,0
1224,1,384,24,0
1225,1,840,420,0
1226,1,612,51,0
1227,1,816,408,0
1228,1,612,153,0
1229,1,1228,1228,0
1230,1,320,20,0
1231,1,1230,615,0
1232,1,480,6,0
1233,1,816,102,0
1234,1,616,616,0
1235,1,864,12,0
1236,1,408,102,0
1237,1,1236,412,0
1238,1,618,309,0
1239,1,696,87,0
1240,1,480,20,0
1241,1,1152,24,0
1242,1,396,9,0
1243,1,1120,56,0
1244,1,620,155,0
1245,1,656,164,0
1246,1,528,264,0
1247,1,1176,7,0
1248,1,384,1,0
1249,1,1248,52,0
1250,1,500,500,0
1251,1,828,138,0
1252,1,624,312,0
1253,1,1068,534,0
1254,1,360,6,0
1255,1,1000,500,0
1256,1,624,39,0
1257,1,836,209,0
1258,1,576,72,0
1259,1,1258,629,0
1260,1,288,12,0
1261,1,1152,32,0
1262,1,630,630,0
1263,1,840,140,0
1264,1,624,78,0
1265,1,880,4,0
1266,1,420,21,0
1267,1,1080,180,0
1268,1,632,158,0
1269,1,828,414,0
1270,1,504,84,0
1271,1,1200,10,0
1272,1,416,26,0
1273,1,1188,66,0
1274,1,504,21,0
1275,1,640,40,0
1276,1,560,14,0
1277,1,1276,319,0
1278,1,420,105,0
1279,1,1278,1278,0
1280,1,512,4,0
1281,1,720,30,0
1282,1,640,32,0
1283,1,1282,1282,0
1284,1,424,106,0
1285,1,1024,128,0
1286,1,642,214,0
1287,1,720,6,0
1288,1,528,3,0
1289,1,1288,322,0
1290,1,336,28,0
1291,1,1290,258,0
1292,1,576,24,0
1293,1,860,430,0
1294,1,646,646,0
1295,1,864,36,0
1296,1,432,27,0
1297,1,1296,144,0
1298,1,580,58,0
1299,1,864,108,0
1300,1,480,20,0
1301,1,1300,1300,0
1302,1,360,30,0
1303,1,1302,1302,0
1304,1,648,162,0
1305,1,672,84,0
1306,1,652,163,0
1307,1,1306,1306,0
1308,1,432,108,0
1309,1,960,24,0
1310,1,520,260,0
1311,1,792,3,0
1312,1,640,5,0
1313,1,1200,50,0
1314,1,432,24,0
1315,1,1048,524,0
1316,1,552,138,0
1317,1,876,438,0
1318,1,658,329,0
1319,1,1318,659,0
1320,1,320,4,0
1321,1,1320,440,0
1322,1,660,11,0
1323,1,756,63,0
1324,1,660,55,0
1325,1,1040,260,0
1326,1,384,8,0
1327,1,1326,663,0
1328,1,656,41,0
1329,1,884,221,0
1330,1,432,12,0
1331,1,1210,22,0
1332,1,432,36,0
1333,1,1260,70,0
1334,1,616,7,0
1335,1,704,88,0
1336,1,664,83,0
1337,1,1140,285,0
1338,1,444,74,0
1339,1,1224,102,0
1340,1,528,44,0
1341,1,888,222,0
1342,1,600,10,0
1343,1,1248,312,0
1344,1,384,3,0
1345,1,1072,268,0
1346,1,672,112,0
1347,1,896,448,0
1348,1,672,48,0
1349,1,1260,105,0
1350,1,360,180,0
1351,1,1152,192,0
1352,1,624,13,0
1353,1,800,10,0
1354,1,676,676,0
1355,1,1080,180,0
1356,1,448,56,0
1357,1,1276,29,0
1358,1,576,96,0
1359,1,900,150,0
1360,1,512,8,0
1361,1,1360,136,0
1362,1,452,113,0
1363,1,1288,322,0
1364,1,600,10,0
1365,1,576,12,0
1366,1,682,682,0
1367,1,1366,683,0
1368,1,432,3,0
1369,1,1332,1332,0
1370,1,544,68,0
1371,1,912,76,0
1372,1,588,147,0
1373,1,1372,28,0
1374,1,456,228,0
1375,1,1000,100,0
1376,1,672,7,0
1377,1,864,216,0
1378,1,624,26,0
1379,1,1176,84,0
1380,1,352,4,0
1381,1,1380,230,0
1382,1,690,46,0
1383,1,920,115,0
1384,1,688,172,0
1385,1,1104,12,0
1386,1,360,6,0
1387,1,1296,24,0
1388,1,692,346,0
1389,1,924,462,0
1390,1,552,276,0
1391,1,1272,106,0
1392,1,448,7,0
1393,1,1188,198,0
1394,1,640,40,0
1395,1,720,60,0
1396,1,696,87,0
1397,1,1260,42,0
1398,1,464,116,0
1399,1,1398,699,0
1400,1,480,60,0
1401,1,932,233,0
1402,1,700,350,0
1403,1,1320,10,0
1404,1,432,9,0
1405,1,1120,40,0
1406,1,648,36,0
1407,1,792,66,0
1408,1,640,2,0
1409,1,1408,1408,0
1410,1,368,92,0
1411,1,1312,328,0
1412,1,704,352,0
1413,1,936,39,0
1414,1,600,150,0
1415,1,1128,564,0
1416,1,464,29,0
1417,1,1296,108,0
1418,1,708,354,0
1419,1,840,14,0
1420,1,560,140,0
1421,1,1176,21,0
1422,1,468,78,0
1423,1,1422,1422,0
1424,1,704,88,0
1425,1,720,60,0
1426,1,660,10,0
1427,1,1426,1426,0
1428,1,384,24,0
1429,1,1428,119,0
1430,1,480,4,0
1431,1,936,234,0
1432,1,712,178,0
1433,1,1432,358,0
1434,1,476,17,0
1435,1,960,60,0
1436,1,716,358,0
1437,1,956,239,0
1438,1,718,359,0
1439,1,1438,719,0
1440,1,384,12,0
1441,1,1300,130,0
1442,1,612,102,0
1443,1,864,36,0
1444,1,684,57,0
1445,1,1088,8,0
1446,1,480,240,0
1447,1,1446,1446,0
1448,1,720,180,0
1449,1,792,3,0
1450,1,560,140,0
1451,1,1450,725,0
1452,1,440,2,0
1453,1,1452,1452,0
1454,1,726,726,0
1455,1,768,32,0
1456,1,576,3,0
1457,1,1380,230,0
1458,1,486,243,0
1459,1,1458,1458,0
1460,1,576,24,0
1461,1,972,243,0
1462,1,672,56,0
1463,1,1080,6,0
1464,1,480,10,0
1465,1,1168,292,0
1466,1,732,183,0
1467,1,972,162,0
1468,1,732,366,0
1469,1,1344,56,0
1470,1,336,84,0
1471,1,1470,490,0
1472,1,704,1,0
1473,1,980,245,0
1474,1,660,22,0
1475,1,1160,580,0
1476,1,480,15,0
1477,1,1260,21,0
1478,1,738,123,0
1479,1,896,56,0
1480,1,576,36,0
1481,1,1480,740,0
1482,1,432,3,0
1483,1,1482,741,0
1484,1,624,78,0
1485,1,720,36,0
1486,1,742,371,0
1487,1,1486,1486,0
1488,1,480,10,0
1489,1,1488,744,0
1490,1,592,148,0
1491,1,840,105,0
1492,1,744,186,0
1493,1,1492,373,0
1494,1,492,123,0
1495,1,1056,4,0
1496,1,640,8,0
1497,1,996,249,0
1498,1,636,318,0
1499,1,1498,749,0
1500,1,400,100,0
1501,1,1404,78,0
1502,1,750,750,0
1503,1,996,249,0
1504,1,736,46,0
1505,1,1008,84,0
1506,1,500,125,0
1507,1,1360,34,0
1508,1,672,7,0
1509,1,1004,502,0
1510,1,600,300,0
1511,1,1510,1510,0
1512,1,432,9,0
1513,1,1408,88,0
1514,1,756,18,0
1515,1,800,100,0
1516,1,756,189,0
1517,1,1440,180,0
1518,1,440,2,0
1519,1,1260,210,0
1520,1,576,12,0
1521,1,936,39,0
1522,1,760,38,0
1523,1,1522,1522,0
1524,1,504,21,0
1525,1,1200,20,0
1526,1,648,108,0
1527,1,1016,127,0
1528,1,760,95,0
1529,1,1380,138,0
1530,1,384,24,0
1531,1,1530,1530,0
1532,1,764,382,0
1533,1,864,24,0
1534,1,696,29,0
1535,1,1224,612,0
1536,1,512,8,0
1537,1,1456,182,0
1538,1,768,32,0
1539,1,972,27,0
1540,1,480,12,0
1541,1,1452,22,0
1542,1,512,128,0
1543,1,1542,771,0
1544,1,768,192,0
1545,1,816,204,0
1546,1,772,772,0
1547,1,1152,24,0
1548,1,504,21,0
1549,1,1548,516,0
1550,1,600,20,0
1551,1,920,46,0
1552,1,768,32,0
1553,1,1552,776,0
1554,1,432,36,0
1555,1,1240,620,0
1556,1,776,97,0
1557,1,1032,516,0
1558,1,720,15,0
1559,1,1558,779,0
1560,1,384,4,0
1561,1,1332,222,0
1562,1,700,70,0
1563,1,1040,260,0
1564,1,704,8,0
1565,1,1248,312,0
1566,1,504,63,0
1567,1,1566,522,0
1568,1,672,21,0
1569,1,1044,261,0
1570,1,624,156,0
1571,1,1570,1570,0
1572,1,520,65,0
1573,1,1320,2,0
1574,1,786,131,0
1575,1,720,60,0
1576,1,784,28,0
1577,1,1476,123,0
1578,1,524,262,0
1579,1,1578,526,0
1580,1,624,156,0
1581,1,960,40,0
1582,1,672,168,0
1583,1,1582,1582,0
1584,1,480,6,0
1585,1,1264,316,0
1586,1,720,10,0
1587,1,1012,23,0
1588,1,792,198,0
1589,1,1356,339,0
1590,1,416,52,0
1591,1,1512,252,0
1592,1,792,198,0
1593,1,1044,261,0
1594,1,796,199,0
1595,1,1120,28,0
1596,1,432,3,0
1597,1,1596,798,0
1598,1,736,184,0
1599,1,960,5,0
1600,1,640,20,0
1601,1,1600,800,0
1602,1,528,264,0
1603,1,1368,228,0
1604,1,800,200,0
1605,1,848,212,0
1606,1,720,24,0
1607,1,1606,1606,0
1608,1,528,22,0
1609,1,1608,536,0
1610,1,528,12,0
1611,1,1068,534,0
1612,1,720,10,0
1613,1,1612,1612,0
1614,1,536,134,0
1615,1,1152,24,0
1616,1,800,50,0
1617,1,840,42,0
1618,1,808,808,0
1619,1,1618,1618,0
1620,1,432,108,0
1621,1,1620,180,0
1622,1,810,270,0
1623,1,1080,540,0
1624,1,672,21,0
1625,1,1200,100,0
1626,1,540,45,0
1627,1,1626,1626,0
1628,1,720,36,0
1629,1,1080,180,0
1630,1,648,324,0
1631,1,1392,348,0
1632,1,512,8,0
1633,1,1540,35,0
1634,1,756,21,0
1635,1,864,108,0
1636,1,816,408,0
1637,1,1636,1636,0
1638,1,432,3,0
1639,1,1480,74,0
1640,1,640,20,0
1641,1,1092,182,0
1642,1,820,820,0
1643,1,1560,130,0
1644,1,544,34,0
1645,1,1104,276,0
1646,1,822,274,0
1647,1,1080,90,0
1648,1,816,102,0
1649,1,1536,32,0
1650,1,400,20,0
1651,1,1512,21,0
1652,1,696,87,0
1653,1,1008,21,0
1654,1,826,826,0
1655,1,1320,220,0
1656,1,528,3,0
1657,1,1656,276,0
1658,1,828,414,0
1659,1,936,78,0
1660,1,656,164,0
1661,1,1500,150,0
1662,1,552,12,0
1663,1,1662,277,0
1664,1,768,2,0
1665,1,864,36,0
1666,1,672,168,0
1667,1,1666,1666,0
1668,1,552,138,0
1669,1,1668,1668,0
1670,1,664,332,0
1671,1,1112,556,0
1672,1,720,6,0
1673,1,1428,51,0
1674,1,540,90,0
1675,1,1320,220,0
1676,1,836,209,0
1677,1,1008,7,0
1678,1,838,838,0
1679,1,1584,24,0
1680,1,384,12,0
1681,1,1640,205,0
1682,1,812,203,0
1683,1,960,24,0
1684,1,840,140,0
1685,1,1344,48,0
1686,1,560,40,0
1687,1,1440,240,0
1688,1,840,21,0
1689,1,1124,281,0
1690,1,624,52,0
1691,1,1584,264,0
1692,1,552,138,0
1693,1,1692,564,0
1694,1,660,6,0
1695,1,896,56,0
1696,1,832,26,0
1697,1,1696,1696,0
1698,1,564,141,0
1699,1,1698,849,0
1700,1,640,40,0
1701,1,972,81,0
1702,1,792,36,0
1703,1,1560,65,0
1704,1,560,35,0
1705,1,1200,20,0
1706,1,852,852,0
1707,1,1136,568,0
1708,1,720,30,0
1709,1,1708,1708,0
1710,1,432,12,0
1711,1,1624,203,0
1712,1,848,106,0
1713,1,1140,190,0
1714,1,856,856,0
1715,1,1176,588,0
1716,1,480,2,0
1717,1,1600,200,0
1718,1,858,39,0
1719,1,1140,285,0
1720,1,672,28,0
1721,1,1720,860,0
1722,1,480,15,0
1723,1,1722,246,0
1724,1,860,430,0
1725,1,880,20,0
1726,1,862,862,0
1727,1,1560,78,0
1728,1,576,9,0
1729,1,1296,3,0
1730,1,688,172,0
1731,1,1152,576,0
1732,1,864,108,0
1733,1,1732,866,0
1734,1,544,8,0
1735,1,1384,692,0
1736,1,720,30,0
1737,1,1152,192,0
1738,1,780,78,0
1739,1,1656,828,0
1740,1,448,28,0
1741,1,1740,580,0
1742,1,792,22,0
1743,1,984,123,0
1744,1,864,108,0
1745,1,1392,348,0
1746,1,576,96,0
1747,1,1746,291,0
1748,1,792,3,0
1749,1,1040,26,0
1750,1,600,300,0
1751,1,1632,408,0
1752,1,576,24,0
1753,1,1752,1752,0
1754,1,876,73,0
1755,1,864,36,0
1756,1,876,438,0
1757,1,1500,375,0
1758,1,584,292,0
1759,1,1758,879,0
1760,1,640,4,0
1761,1,1172,586,0
1762,1,880,55,0
1763,1,1680,35,0
1764,1,504,21,0
1765,1,1408,352,0
1766,1,882,294,0
1767,1,1080,30,0
1768,1,768,8,0
1769,1,1680,70,0
1770,1,464,116,0
1771,1,1320,6,0
1772,1,884,221,0
1773,1,1176,84,0
1774,1,886,443,0
1775,1,1400,140,0
1776,1,576,36,0
1777,1,1776,111,0
1778,1,756,21,0
1779,1,1184,296,0
1780,1,704,88,0
1781,1,1632,34,0
1782,1,540,54,0
1783,1,1782,297,0
1784,1,888,74,0
1785,1,768,24,0
1786,1,828,138,0
1787,1,1786,893,0
1788,1,592,74,0
1789,1,1788,596,0
1790,1,712,356,0
1791,1,1188,198,0
1792,1,768,12,0
1793,1,1620,162,0
1794,1,528,1,0
1795,1,1432,716,0
1796,1,896,448,0
1797,1,1196,598,0
1798,1,840,70,0
1799,1,1536,384,0
1800,1,480,60,0
1801,1,1800,300,0
1802,1,832,104,0
1803,1,1200,120,0
1804,1,800,10,0
1805,1,1368,228,0
1806,1,504,21,0
1807,1,1656,138,0
1808,1,896,56,0
1809,1,1188,198,0
1810,1,720,180,0
1811,1,1810,905,0
1812,1,600,150,0
1813,1,1512,252,0
1814,1,906,906,0
1815,1,880,4,0
1816,1,904,113,0
1817,1,1716,78,0
1818,1,600,150,0
1819,1,1696,424,0
1820,1,576,12,0
1821,1,1212,303,0
1822,1,910,455,0
1823,1,1822,911,0
1824,1,576,3,0
1825,1,1440,120,0
1826,1,820,82,0
1827,1,1008,21,0
1828,1,912,76,0
1829,1,1740,290,0
1830,1,480,20,0
1831,1,1830,1830,0
1832,1,912,228,0
1833,1,1104,46,0
1834,1,780,195,0
1835,1,1464,732,0
1836,1,576,72,0
1837,1,1660,166,0
1838,1,918,102,0
1839,1,1224,51,0
1840,1,704,4,0
1841,1,1572,786,0
1842,1,612,153,0
1843,1,1728,96,0
1844,1,920,115,0
1845,1,960,60,0
1846,1,840,35,0
1847,1,1846,1846,0
1848,1,480,6,0
1849,1,1806,301,0
1850,1,720,180,0
1851,1,1232,616,0
1852,1,924,462,0
1853,1,1728,216,0
1854,1,612,102,0
1855,1,1248,156,0
1856,1,896,7,0
1857,1,1236,309,0
1858,1,928,928,0
1859,1,1560,26,0
1860,1,480,20,0
1861,1,1860,155,0
1862,1,756,21,0
1863,1,1188,27,0
1864,1,928,116,0
1865,1,1488,372,0
1866,1,620,155,0
1867,1,1866,622,0
1868,1,932,233,0
1869,1,1056,264,0
1870,1,640,8,0
1871,1,1870,1870,0
1872,1,576,3,0
1873,1,1872,1872,0
1874,1,936,72,0
1875,1,1000,500,0
1876,1,792,66,0
1877,1,1876,268,0
1878,1,624,312,0
1879,1,1878,313,0
1880,1,736,92,0
1881,1,1080,6,0
1882,1,940,20,0
1883,1,1608,402,0
1884,1,624,39,0
1885,1,1344,28,0
1886,1,880,5,0
1887,1,1152,72,0
1888,1,928,29,0
1889,1,1888,236,0
1890,1,432,36,0
1891,1,1800,10,0
1892,1,840,14,0
1893,1,1260,630,0
1894,1,946,946,0
1895,1,1512,756,0
1896,1,624,78,0
1897,1,1620,45,0
1898,1,864,24,0
1899,1,1260,21,0
1900,1,720,60,0
1901,1,1900,1900,0
1902,1,632,158,0
1903,1,1720,172,0
1904,1,768,24,0
1905,1,1008,84,0
1906,1,952,952,0
1907,1,1906,953,0
1908,1,624,78,0
1909,1,1804,41,0
1910,1,760,380,0
1911,1,1008,21,0
1912,1,952,17,0
1913,1,1912,956,0
1914,1,560,14,0
1915,1,1528,764,0
1916,1,956,239,0
1917,1,1260,315,0
1918,1,816,102,0
1919,1,1800,150,0
1920,1,512,4,0
1921,1,1792,56,0
1922,1,930,310,0
1923,1,1280,32,0
1924,1,864,36,0
1925,1,1200,60,0
1926,1,636,318,0
1927,1,1840,230,0
1928,1,960,240,0
1929,1,1284,214,0
1930,1,768,192,0
1931,1,1930,965,0
1932,1,528,3,0
1933,1,1932,1932,0
1934,1,966,161,0
1935,1,1008,84,0
1936,1,880,2,0
1937,1,1776,74,0
1938,1,576,24,0
1939,1,1656,12,0
1940,1,768,32,0
1941,1,1292,646,0
1942,1,970,485,0
1943,1,1848,154,0
1944,1,648,81,0
1945,1,1552,388,0
1946,1,828,138,0
1947,1,1160,58,0
1948,1,972,243,0
1949,1,1948,1948,0
1950,1,480,20,0
1951,1,1950,50,0
1952,1,960,10,0
1953,1,1080,30,0
1954,1,976,976,0
1955,1,1408,8,0
1956,1,648,162,0
1957,1,1836,102,0
1958,1,880,88,0
1959,1,1304,163,0
1960,1,672,84,0
1961,1,1872,468,0
1962,1,648,108,0
1963,1,1800,150,0
1964,1,980,245,0
1965,1,1040,260,0
1966,1,982,491,0
1967,1,1680,120,0
1968,1,640,5,0
1969,1,1780,178,0
1970,1,784,28,0
1971,1,1296,72,0
1972,1,896,56,0
1973,1,1972,986,0
1974,1,552,138,0
1975,1,1560,780,0
1976,1,864,3,0
1977,1,1316,329,0
1978,1,924,7,0
1979,1,1978,989,0
1980,1,480,12,0
1981,1,1692,141,0
1982,1,990,495,0
1983,1,1320,11,0
1984,1,960,10,0
1985,1,1584,396,0
1986,1,660,55,0
1987,1,1986,993,0
1988,1,840,105,0
1989,1,1152,24,0
1990,1,792,396,0
1991,1,1800,180,0
1992,1,656,41,0
1993,1,1992,664,0
1994,1,996,166,0
1995,1,864,12,0
1996,1,996,249,0
1997,1,1996,1996,0
1998,1,648,36,0
1999,1,1998,999,0
2000,1,800,100,0
2001,1,1232,7,0
2002,1,720,6,0
2003,1,2002,1001,0
2004,1,664,83,0
2005,1,1600,200,0
2006,1,928,232,0
2007,1,1332,222,0
2008,1,1000,125,0
2009,1,1680,105,0
2010,1,528,44,0
2011,1,2010,1005,0
2012,1,1004,502,0
2013,1,1200,10,0
2014,1,936,78,0
2015,1,1440,20,0
2016,1,576,3,0
2017,1,2016,288,0
2018,1,1008,336,0
2019,1,1344,112,0
2020,1,800,100,0
2021,1,1932,322,0
2022,1,672,48,0
2023,1,1632,24,0
2024,1,880,2,0
2025,1,1080,540,0
2026,1,1012,506,0
2027,1,2026,1013,0
2028,1,624,13,0
2029,1,2028,338,0
2030,1,672,84,0
2031,1,1352,676,0
2032,1,1008,21,0
2033,1,1908,318,0
2034,1,672,168,0
2035,1,1440,36,0
2036,1,1016,127,0
2037,1,1152,96,0
2038,1,1018,509,0
2039,1,2038,2038,0
2040,1,512,8,0
2041,1,1872,39,0
2042,1,1020,1020,0
2043,1,1356,339,0
2044,1,864,24,0
2045,1,1632,408,0
2046,1,600,10,0
2047,1,1936,88,0
2048,1,1024,32,0
2049,1,1364,682,0
2050,1,800,20,0
2051,1,1752,876,0
2052,1,648,9,0
2053,1,2052,2052,0
2054,1,936,78,0
2055,1,1088,68,0
2056,1,1024,128,0
2057,1,1760,8,0
2058,1,588,147,0
2059,1,1960,35,0
2060,1,816,204,0
2061,1,1368,228,0
2062,1,1030,515,0
2063,1,2062,1031,0
2064,1,672,7,0
2065,1,1392,348,0
2066,1,1032,1032,0
2067,1,1248,26,0
2068,1,920,46,0
2069,1,2068,2068,0
2070,1,528,12,0
2071,1,1944,108,0
2072,1,864,36,0
2073,1,1380,46,0
2074,1,960,40,0
2075,1,1640,820,0
2076,1,688,172,0
2077,1,1980,110,0
2078,1,1038,1038,0
2079,1,1080,18,0
2080,1,768,4,0
2081,1,2080,2080,0
2082,1,692,346,0
2083,1,2082,1041,0
2084,1,1040,260,0
2085,1,1104,276,0
2086,1,888,222,0
2087,1,2086,1043,0
2088,1,672,21,0
2089,1,2088,261,0
2090,1,720,12,0
2091,1,1280,40,0
2092,1,1044,261,0
2093,1,1584,3,0
2094,1,696,87,0
2095,1,1672,836,0
2096,1,1040,65,0
2097,1,1392,348,0
2098,1,1048,1048,0
2099,1,2098,1049,0
2100,1,480,60,0
2101,1,1900,190,0
2102,1,1050,525,0
2103,1,1400,350,0
2104,1,1048,262,0
2105,1,1680,140,0
2106,1,648,27,0
2107,1,1764,21,0
2108,1,960,40,0
2109,1,1296,36,0
2110,1,840,84,0
2111,1,2110,2110,0
2112,1,640,2,0
2113,1,2112,1056,0
2114,1,900,150,0
2115,1,1104,276,0
2116,1,1012,23,0
2117,1,2016,168,0
2118,1,704,352,0
2119,1,1944,162,0
2120,1,832,52,0
2121,1,1200,150,0
2122,1,1060,265,0
2123,1,1920,192,0
2124,1,696,87,0
2125,1,1600,200,0
2126,1,1062,531,0
2127,1,1416,354,0
2128,1,864,3,0
2129,1,2128,2128,0
2130,1,560,140,0
2131,1,2130,213,0
2132,1,960,5,0
2133,1,1404,234,0
2134,1,960,32,0
2135,1,1440,60,0
2136,1,704,88,0
2137,1,2136,178,0
2138,1,1068,267,0
2139,1,1320,10,0
2140,1,848,212,0
2141,1,2140,535,0
2142,1,576,24,0
2143,1,2142,119,0
2144,1,1056,22,0
2145,1,960,4,0
2146,1,1008,252,0
2147,1,2016,168,0
2148,1,712,178,0
2149,1,1836,153,0
2150,1,840,140,0
2151,1,1428,51,0
2152,1,1072,134,0
2153,1,2152,269,0
2154,1,716,358,0
2155,1,1720,860,0
2156,1,840,42,0
2157,1,1436,359,0
2158,1,984,41,0
2159,1,2016,168,0
2160,1,576,36,0
2161,1,2160,1080,0
2162,1,1012,46,0
2163,1,1224,102,0
2164,1,1080,540,0
2165,1,1728,108,0
2166,1,684,57,0
2167,1,1960,28,0
2168,1,1080,45,0
2169,1,1440,240,0
2170,1,720,60,0
2171,1,1992,83,0
2172,1,720,180,0
2173,1,2080,130,0
2174,1,1086,181,0
2175,1,1120,140,0
2176,1,1024,8,0
2177,1,1860,465,0
2178,1,660,6,0
2179,1,2178,1089,0
2180,1,864,108,0
2181,1,1452,726,0
2182,1,1090,545,0
2183,1,2088,1044,0
2184,1,576,3,0
2185,1,1584,12,0
2186,1,1092,182,0
2187,1,1458,729,0
2188,1,1092,182,0
2189,1,1980,198,0
2190,1,576,24,0
2191,1,1872,312,0
2192,1,1088,34,0
2193,1,1344,56,0
2194,1,1096,1096,0
2195,1,1752,876,0
2196,1,720,30,0
2197,1,2028,169,0
2198,1,936,39,0
2199,1,1464,183,0
2200,1,800,20,0
2201,1,2100,70,0
2202,1,732,366,0
2203,1,2202,367,0
2204,1,1008,21,0
2205,1,1008,84,0
2206,1,1102,551,0
2207,1,2206,1103,0
2208,1,704,1,0
2209,1,2162,2162,0
2210,1,768,8,0
2211,1,1320,22,0
2212,1,936,78,0
2213,1,2212,1106,0
2214,1,720,45,0
2215,1,1768,884,0
2216,1,1104,12,0
2217,1,1476,123,0
2218,1,1108,1108,0
2219,1,1896,474,0
2220,1,576,36,0
2221,1,2220,370,0
2222,1,1000,50,0
2223,1,1296,3,0
2224,1,1104,138,0
2225,1,1760,440,0
2226,1,624,78,0
2227,1,2080,520,0
2228,1,1112,556,0
2229,1,1484,371,0
2230,1,888,148,0
2231,1,2112,32,0
2232,1,720,30,0
2233,1,1680,42,0
2234,1,1116,279,0
2235,1,1184,148,0
2236,1,1008,7,0
2237,1,2236,2236,0
2238,1,744,186,0
2239,1,2238,2238,0
2240,1,768,12,0
2241,1,1476,369,0
2242,1,1044,87,0
2243,1,2242,1121,0
2244,1,640,8,0
2245,1,1792,448,0
2246,1,1122,561,0
2247,1,1272,318,0
2248,1,1120,40,0
2249,1,2064,172,0
2250,1,600,300,0
2251,1,2250,750,0
2252,1,1124,281,0
2253,1,1500,750,0
2254,1,924,21,0
2255,1,1600,20,0
2256,1,736,46,0
2257,1,2160,180,0
2258,1,1128,564,0
2259,1,1500,375,0
2260,1,896,56,0
2261,1,1728,24,0
2262,1,672,7,0
2263,1,2160,120,0
2264,1,1128,141,0
2265,1,1200,300,0
2266,1,1020,102,0
2267,1,2266,2266,0
2268,1,648,27,0
2269,1,2268,567,0
2270,1,904,452,0
2271,1,1512,18,0
2272,1,1120,35,0
2273,1,2272,2272,0
2274,1,756,189,0
2275,1,1440,60,0
2276,1,1136,568,0
2277,1,1320,6,0
2278,1,1056,88,0
2279,1,2184,182,0
2280,1,576,12,0
2281,1,2280,456,0
2282,1,972,162,0
2283,1,1520,38,0
2284,1,1140,190,0
2285,1,1824,76,0
2286,1,756,21,0
2287,1,2286,1143,0
2288,1,960,2,0
2289,1,1296,108,0
2290,1,912,228,0
2291,1,2184,546,0
2292,1,760,95,0
2293,1,2292,764,0
2294,1,1080,180,0
2295,1,1152,72,0
2296,1,960,15,0
2297,1,2296,2296,0
2298,1,764,382,0
2299,1,1980,6,0
2300,1,880,20,0
2301,1,1392,29,0
2302,1,1150,1150,0
2303,1,1932,966,0
2304,1,768,12,0
2305,1,1840,460,0
2306,1,1152,1152,0
2307,1,1536,32,0
2308,1,1152,576,0
2309,1,2308,2308,0
2310,1,480,12,0
2311,1,2310,77,0
2312,1,1088,8,0
2313,1,1536,384,0
2314,1,1056,88,0
2315,1,1848,924,0
2316,1,768,192,0
2317,1,1980,165,0
2318,1,1080,30,0
2319,1,1544,772,0
2320,1,896,28,0
2321,1,2100,42,0
2322,1,756,63,0
2323,1,2200,50,0
2324,1,984,123,0
2325,1,1200,20,0
2326,1,1162,581,0
2327,1,2136,178,0
2328,1,768,32,0
2329,1,2176,136,0
2330,1,928,116,0
2331,1,1296,36,0
2332,1,1040,26,0
2333,1,2332,2332,0
2334,1,776,97,0
2335,1,1864,932,0
2336,1,1152,24,0
2337,1,1440,15,0
2338,1,996,249,0
2339,1,2338,2338,0
2340,1,576,12,0
2341,1,2340,2340,0
2342,1,1170,1170,0
2343,1,1400,70,0
2344,1,1168,292,0
2345,1,1584,132,0
2346,1,704,8,0
2347,1,2346,2346,0
2348,1,1172,586,0
2349,1,1512,189,0
2350,1,920,460,0
2351,1,2350,470,0
2352,1,672,21,0
2353,1,2160,180,0
2354,1,1060,106,0
2355,1,1248,156,0
2356,1,1080,30,0
2357,1,2356,1178,0
2358,1,780,195,0
2359,1,2016,48,0
2360,1,928,116,0
2361,1,1572,131,0
2362,1,1180,295,0
2363,1,2208,552,0
2364,1,784,28,0
2365,1,1680,28,0
2366,1,936,39,0
2367,1,1572,786,0
2368,1,1152,36,0
2369,1,2244,102,0
2370,1,624,156,0
2371,1,2370,790,0
2372,1,1184,296,0
2373,1,1344,168,0
2374,1,1186,593,0
2375,1,1800,300,0
2376,1,720,18,0
2377,1,2376,198,0
2378,1,1120,35,0
2379,1,1440,10,0
2380,1,768,24,0
2381,1,2380,340,0
2382,1,792,198,0
2383,1,2382,794,0
2384,1,1184,74,0
2385,1,1248,156,0
2386,1,1192,1192,0
2387,1,1800,30,0
2388,1,792,198,0
2389,1,2388,2388,0
2390,1,952,68,0
2391,1,1592,199,0
2392,1,1056,1,0
2393,1,2392,598,0
2394,1,648,3,0
2395,1,1912,956,0
2396,1,1196,598,0
2397,1,1472,184,0
2398,1,1080,108,0
2399,1,2398,1199,0
2400,1,640,20,0
2401,1,2058,1029,0
2402,1,1200,120,0
2403,1,1584,792,0
2404,1,1200,120,0
2405,1,1728,36,0
2406,1,800,200,0
2407,1,2296,287,0
2408,1,1008,21,0
2409,1,1440,24,0
2410,1,960,240,0
2411,1,2410,1205,0
2412,1,792,66,0
2413,1,2268,21,0
2414,1,1120,280,0
2415,1,1056,12,0
2416,1,1200,150,0
2417,1,2416,2416,0
2418,1,720,10,0
2419,1,2320,145,0
2420,1,880,4,0
2421,1,1608,402,0
2422,1,1032,516,0
2423,1,2422,2422,0
2424,1,800,50,0
2425,1,1920,160,0
2426,1,1212,404,0
2427,1,1616,808,0
2428,1,1212,303,0
2429,1,2076,1038,0
2430,1,648,324,0
2431,1,1920,8,0
2432,1,1152,6,0
2433,1,1620,270,0
2434,1,1216,32,0
2435,1,1944,972,0
2436,1,672,21,0
2437,1,2436,2436,0
2438,1,1144,26,0
2439,1,1620,45,0
2440,1,960,20,0
2441,1,2440,305,0
2442,1,720,36,0
2443,1,2088,87,0
2444,1,1104,46,0
2445,1,1296,324,0
2446,1,1222,611,0
2447,1,2446,1223,0
2448,1,768,24,0
2449,1,2340,390,0
2450,1,840,420,0
2451,1,1512,21,0
2452,1,1224,51,0
2453,1,2220,74,0
2454,1,816,408,0
2455,1,1960,980,0
2456,1,1224,153,0
2457,1,1296,9,0
2458,1,1228,1228,0
2459,1,2458,1229,0
2460,1,640,20,0
2461,1,2332,106,0
2462,1,1230,615,0
2463,1,1640,820,0
2464,1,960,6,0
2465,1,1792,56,0
2466,1,816,102,0
2467,1,2466,1233,0
2468,1,1232,616,0
2469,1,1644,274,0
2470,1,864,12,0
2471,1,2112,1056,0
2472,1,816,102,0
2473,1,2472,2472,0
2474,1,1236,412,0
2475,1,1200,60,0
2476,1,1236,309,0
2477,1,2476,2476,0
2478,1,696,87,0
2479,1,2376,396,0
2480,1,960,20,0
2481,1,1652,826,0
2482,1,1152,24,0
2483,1,2280,95,0
2484,1,792,9,0
2485,1,1680,420,0
2486,1,1120,56,0
2487,1,1656,414,0
2488,1,1240,155,0
2489,1,2340,195,0
2490,1,656,164,0
2491,1,2392,598,0
2492,1,1056,264,0
2493,1,1656,12,0
2494,1,1176,7,0
2495,1,1992,996,0
2496,1,768,1,0
2497,1,2260,226,0
2498,1,1248,52,0
2499,1,1344,168,0
2500,1,1000,500,0
2501,1,2400,10,0
2502,1,828,138,0
2503,1,2502,1251,0
2504,1,1248,312,0
2505,1,1328,332,0
2506,1,1068,534,0
2507,1,2376,108,0
2508,1,720,6,0
2509,1,2304,192,0
2510,1,1000,500,0
2511,1,1620,270,0
2512,1,1248,39,0
2513,1,2148,1074,0
2514,1,836,209,0
2515,1,2008,1004,0
2516,1,1152,72,0
2517,1,1676,838,0
2518,1,1258,629,0
2519,1,2280,228,0
2520,1,576,12,0
2521,1,2520,840,0
2522,1,1152,32,0
2523,1,1624,203,0
2524,1,1260,630,0
2525,1,2000,100,0
2526,1,840,140,0
2527,1,2052,57,0
2528,1,1248,78,0
2529,1,1680,120,0
2530,1,880,4,0
2531,1,2530,1265,0
2532,1,840,21,0
2533,1,2368,296,0
2534,1,1080,180,0
2535,1,1248,52,0
2536,1,1264,158,0
2537,1,2436,203,0
2538,1,828,414,0
2539,1,2538,423,0
2540,1,1008,84,0
2541,1,1320,6,0
2542,1,1200,10,0
2543,1,2542,2542,0
2544,1,832,26,0
2545,1,2032,508,0
2546,1,1188,66,0
2547,1,1692,141,0
2548,1,1008,21,0
2549,1,2548,2548,0
2550,1,640,40,0
2551,1,2550,1275,0
2552,1,1120,14,0
2553,1,1584,36,0
2554,1,1276,319,0
2555,1,1728,24,0
2556,1,840,105,0
2557,1,2556,639,0
2558,1,1278,1278,0
2559,1,1704,852,0
2560,1,1024,8,0
2561,1,2352,28,0
2562,1,720,30,0
2563,1,2320,116,0
2564,1,1280,32,0
2565,1,1296,36,0
2566,1,1282,1282,0
2567,1,2400,600,0
2568,1,848,106,0
2569,1,2196,366,0
2570,1,1024,128,0
2571,1,1712,856,0
2572,1,1284,214,0
2573,1,2460,410,0
2574,1,720,6,0
2575,1,2040,1020,0
2576,1,1056,3,0
2577,1,1716,39,0
2578,1,1288,322,0
2579,1,2578,1289,0
2580,1,672,28,0
2581,1,2464,616,0
2582,1,1290,258,0
2583,1,1440,15,0
2584,1,1152,24,0
2585,1,1840,92,0
2586,1,860,430,0
2587,1,2376,198,0
2588,1,1292,646,0
2589,1,1724,862,0
2590,1,864,36,0
2591,1,2590,2590,0
2592,1,864,27,0
2593,1,2592,8,0
2594,1,1296,144,0
2595,1,1376,172,0
2596,1,1160,58,0
2597,1,2184,546,0
2598,1,864,108,0
2599,1,2464,56,0
2600,1,960,20,0
2601,1,1632,24,0
2602,1,1300,1300,0
2603,1,2448,102,0
2604,1,720,30,0
2605,1,2080,260,0
2606,1,1302,1302,0
2607,1,1560,78,0
2608,1,1296,162,0
2609,1,2608,2608,0
2610,1,672,84,0
2611,1,2232,186,0
2612,1,1304,163,0
2613,1,1584,22,0
2614,1,1306,1306,0
2615,1,2088,1044,0
2616,1,864,108,0
2617,1,2616,872,0
2618,1,960,24,0
2619,1,1728,288,0
2620,1,1040,260,0
2621,1,2620,1310,0
2622,1,792,3,0
2623,1,2520,70,0
2624,1,1280,5,0
2625,1,1200,300,0
2626,1,1200,50,0
2627,1,2520,1260,0
2628,1,864,24,0
2629,1,2380,34,0
2630,1,1048,524,0
2631,1,1752,73,0
2632,1,1104,138,0
2633,1,2632,2632,0
2634,1,876,438,0
2635,1,1920,40,0
2636,1,1316,329,0
2637,1,1752,876,0
2638,1,1318,659,0
2639,1,2016,21,0
2640,1,640,4,0
2641,1,2484,138,0
2642,1,1320,440,0
2643,1,1760,55,0
2644,1,1320,11,0
2645,1,2024,92,0
2646,1,756,63,0
2647,1,2646,2646,0
2648,1,1320,55,0
2649,1,1764,294,0
2650,1,1040,260,0
2651,1,2400,240,0
2652,1,768,8,0
2653,1,2268,189,0
2654,1,1326,663,0
2655,1,1392,348,0
2656,1,1312,41,0
2657,1,2656,664,0
2658,1,884,221,0
2659,1,2658,1329,0
2660,1,864,12,0
2661,1,1772,443,0
2662,1,1210,22,0
2663,1,2662,2662,0
2664,1,864,36,0
2665,1,1920,20,0
2666,1,1260,70,0
2667,1,1512,21,0
2668,1,1232,7,0
2669,1,2496,312,0
2670,1,704,88,0
2671,1,2670,2670,0
2672,1,1328,83,0
2673,1,1620,162,0
2674,1,1140,285,0
2675,1,2120,1060,0
2676,1,888,74,0
2677,1,2676,2676,0
2678,1,1224,102,0
2679,1,1656,138,0
2680,1,1056,44,0
2681,1,2292,1146,0
2682,1,888,222,0
2683,1,2682,447,0
2684,1,1200,10,0
2685,1,1424,356,0
2686,1,1248,312,0
2687,1,2686,2686,0
2688,1,768,6,0
2689,1,2688,84,0
2690,1,1072,268,0
2691,1,1584,3,0
2692,1,1344,112,0
2693,1,2692,673,0
2694,1,896,448,0
2695,1,1680,84,0
2696,1,1344,48,0
2697,1,1680,70,0
2698,1,1260,105,0
2699,1,2698,2698,0
2700,1,720,180,0
2701,1,2592,72,0
2702,1,1152,192,0
2703,1,1664,104,0
2704,1,1248,13,0
2705,1,2160,540,0
2706,1,800,10,0
2707,1,2706,451,0
2708,1,1352,676,0
2709,1,1512,21,0
2710,1,1080,180,0
2711,1,2710,2710,0
2712,1,896,56,0
2713,1,2712,226,0
2714,1,1276,29,0
2715,1,1440,180,0
2716,1,1152,96,0
2717,1,2160,6,0
2718,1,900,150,0
2719,1,2718,906,0
2720,1,1024,8,0
2721,1,1812,906,0
2722,1,1360,136,0
2723,1,2328,291,0
2724,1,904,113,0
2725,1,2160,540,0
2726,1,1288,322,0
2727,1,1800,450,0
2728,1,1200,10,0
2729,1,2728,341,0
2730,1,576,12,0
2731,1,2730,2730,0
2732,1,1364,682,0
2733,1,1820,455,0
2734,1,1366,683,0
2735,1,2184,364,0
2736,1,864,3,0
2737,1,2112,24,0
2738,1,1332,1332,0
2739,1,1640,82,0
2740,1,1088,68,0
2741,1,2740,137,0
2742,1,912,76,0
2743,1,2520,21,0
2744,1,1176,147,0
2745,1,1440,60,0
2746,1,1372,28,0
2747,1,2640,110,0
2748,1,912,228,0
2749,1,2748,2748,0
2750,1,1000,100,0
2751,1,1560,195,0
2752,1,1344,7,0
2753,1,2752,2752,0
2754,1,864,216,0
2755,1,2016,84,0
2756,1,1248,26,0
2757,1,1836,102,0
2758,1,1176,84,0
2759,1,2640,440,0
2760,1,704,4,0
2761,1,2500,250,0
2762,1,1380,230,0
2763,1,1836,153,0
2764,1,1380,46,0
2765,1,1872,156,0
2766,1,920,115,0
2767,1,2766,2766,0
2768,1,1376,172,0
2769,1,1680,35,0
2770,1,1104,12,0
2771,1,2592,648,0
2772,1,720,6,0
2773,1,2668,1334,0
2774,1,1296,24,0
2775,1,1440,180,0
2776,1,1384,346,0
2777,1,2776,2776,0
2778,1,924,462,0
2779,1,2376,198,0
2780,1,1104,276,0
2781,1,1836,306,0
2782,1,1272,106,0
2783,1,2420,2,0
2784,1,896,7,0
2785,1,2224,556,0
2786,1,1188,198,0
2787,1,1856,928,0
2788,1,1280,40,0
2789,1,2788,2788,0
2790,1,720,60,0
2791,1,2790,2790,0
2792,1,1392,87,0
2793,1,1512,21,0
2794,1,1260,42,0
2795,1,2016,28,0
2796,1,928,116,0
2797,1,2796,932,0
2798,1,1398,699,0
2799,1,1860,465,0
2800,1,960,60,0
2801,1,2800,700,0
2802,1,932,233,0
2803,1,2802,1401,0
2804,1,1400,350,0
2805,1,1280,8,0
2806,1,1320,10,0
2807,1,2400,600,0
2808,1,864,9,0
2809,1,2756,1378,0
2810,1,1120,40,0
2811,1,1872,72,0
2812,1,1296,36,0
2813,1,2688,224,0
2814,1,792,66,0
2815,1,2248,1124,0
2816,1,1280,4,0
2817,1,1872,312,0
2818,1,1408,1408,0
2819,1,2818,1409,0
2820,1,736,92,0
2821,1,2160,30,0
2822,1,1312,328,0
2823,1,1880,20,0
2824,1,1408,352,0
2825,1,2240,280,0
2826,1,936,39,0
2827,1,2560,128,0
2828,1,1200,150,0
2829,1,1760,5,0
2830,1,1128,564,0
2831,1,2664,222,0
2832,1,928,29,0
2833,1,2832,2832,0
2834,1,1296,108,0
2835,1,1296,108,0
2836,1,1416,354,0
2837,1,2836,1418,0
2838,1,840,14,0
2839,1,2656,664,0
2840,1,1120,140,0
2841,1,1892,946,0
2842,1,1176,21,0
2843,1,2842,2842,0
2844,1,936,78,0
2845,1,2272,568,0
2846,1,1422,1422,0
2847,1,1728,24,0
2848,1,1408,88,0
2849,1,2160,36,0
2850,1,720,60,0
2851,1,2850,95,0
2852,1,1320,10,0
2853,1,1896,474,0
2854,1,1426,1426,0
2855,1,2280,380,0
2856,1,768,24,0
2857,1,2856,8,0
2858,1,1428,119,0
2859,1,1904,952,0
2860,1,960,4,0
2861,1,2860,1430,0
2862,1,936,234,0
2863,1,2448,408,0
2864,1,1424,178,0
2865,1,1520,380,0
2866,1,1432,358,0
2867,1,2760,230,0
2868,1,952,17,0
2869,1,2700,150,0
2870,1,960,60,0
2871,1,1680,42,0
2872,1,1432,358,0
2873,1,2496,104,0
2874,1,956,239,0
2875,1,2200,100,0
2876,1,1436,359,0
2877,1,1632,102,0
2878,1,1438,719,0
2879,1,2878,1439,0
2880,1,768,12,0
2881,1,2772,154,0
2882,1,1300,130,0
2883,1,1860,310,0
2884,1,1224,102,0
2885,1,2304,576,0
2886,1,864,36,0
2887,1,2886,2886,0
2888,1,1368,57,0
2889,1,1908,954,0
2890,1,1088,8,0
2891,1,2436,609,0
2892,1,960,240,0
2893,1,2620,262,0
2894,1,1446,1446,0
2895,1,1536,192,0
2896,1,1440,180,0
2897,1,2896,2896,0
2898,1,792,3,0
2899,1,2664,74,0
2900,1,1120,140,0
2901,1,1932,161,0
2902,1,1450,725,0
2903,1,2902,1451,0
2904,1,880,2,0
2905,1,1968,492,0
2906,1,1452,1452,0
2907,1,1728,24,0
2908,1,1452,726,0
2909,1,2908,2908,0
2910,1,768,32,0
2911,1,2800,35,0
2912,1,1152,3,0
2913,1,1940,485,0
2914,1,1380,230,0
2915,1,2080,52,0
2916,1,972,243,0
2917,1,2916,243,0
2918,1,1458,1458,0
2919,1,1656,138,0
2920,1,1152,24,0
2921,1,2772,21,0
2922,1,972,243,0
2923,1,2808,468,0
2924,1,1344,56,0
2925,1,1440,60,0
2926,1,1080,6,0
2927,1,2926,2926,0
2928,1,960,10,0
2929,1,2800,350,0
2930,1,1168,292,0
2931,1,1952,976,0
2932,1,1464,183,0
2933,1,2508,627,0
2934,1,972,162,0
2935,1,2344,1172,0
2936,1,1464,366,0
2937,1,1760,88,0
2938,1,1344,56,0
2939,1,2938,1469,0
2940,1,672,84,0
2941,1,2752,344,0
2942,1,1470,490,0
2943,1,1944,108,0
2944,1,1408,2,0
2945,1,2160,60,0
2946,1,980,245,0
2947,1,2520,420,0
2948,1,1320,22,0
2949,1,1964,491,0
2950,1,1160,580,0
2951,1,2712,113,0
2952,1,960,15,0
2953,1,2952,2952,1
