version	split	factor_bits	shape	index	N	p	q
F265_V2	0	12	random	0	9285431	2609	3559
F265_V2	0	12	neighbor	0	6547063	2311	2833
F265_V2	0	12	safe	0	12310693	3119	3947
F265_V2	0	32	random	0	9322773239039621923	2190847823	4255326701
F265_V2	0	32	neighbor	0	12762497173610711239	3572461721	3572465759
F265_V2	0	32	safe	0	9761368084803491413	2612894267	3735845039
F265_V2	0	60	random	0	683635533597493706099257531372359671	605315035730520197	1129387993431309643
F265_V2	0	60	neighbor	0	1144983972831276650430140530552638073	1070039238921300353	1070039238921301241
F265_V2	0	60	safe	0	735592564497057472472983056100764157	787609107005141999	933956397855941843
